FilmID,StarID
1,346
1,2331
1,3228
1,3353
1,1428
1,2674
1,837
1,190
1,1893
1,1181
1,2751
1,1851
1,110
1,3322
1,1095
1,1415
1,3163
1,1880
2,1347
2,916
2,687
2,1535
2,2372
2,2801
2,148
2,2596
2,2529
2,2380
2,3508
2,1029
2,3073
2,3318
2,1247
2,176
2,497
2,943
3,108
3,699
3,3420
3,370
3,3310
3,3541
3,2331
3,1968
3,2191
3,2302
3,1582
3,383
3,213
3,2997
3,789
3,2602
3,3087
3,2696
4,916
4,761
4,2801
4,1535
4,3318
4,1029
4,3148
4,3301
4,1175
4,3802
4,1634
4,3713
4,2237
4,112
4,1805
4,497
4,2480
4,3489
5,2083
5,2414
5,2810
5,1485
5,2467
5,1979
5,3044
5,3052
5,349
5,2815
5,1171
5,587
5,1247
5,3755
5,3359
5,3558
5,768
5,2731
6,2752
6,3094
6,1583
6,2907
6,3792
6,1207
6,275
6,3827
6,1287
6,1816
6,2809
6,3618
6,489
6,2227
6,818
6,91
6,3639
6,384
7,3268
7,3515
7,2433
7,2069
7,3409
7,2270
7,2476
7,3396
7,2415
7,1365
7,1740
7,1628
7,2657
7,3004
7,369
7,1544
7,3700
7,3133
8,3747
8,3656
8,2591
8,1049
8,145
8,2580
8,1778
8,2944
8,2869
8,3461
8,968
8,3606
8,1334
8,3633
8,1643
8,2359
8,3335
8,520
9,3268
9,2433
9,2069
9,1365
9,1160
9,3409
9,2476
9,2873
9,1628
9,467
9,369
9,3515
9,2975
9,554
9,1740
9,1050
9,2352
9,2768
10,760
10,2962
10,3428
10,260
10,94
10,1586
10,167
10,235
10,3616
10,1177
10,991
10,2654
10,2413
10,3688
10,3619
10,2177
10,2772
10,495
11,1509
11,1205
11,242
11,2049
11,1882
11,572
11,3337
11,3773
11,58
11,2254
11,2704
11,2176
11,503
11,566
11,3554
11,3711
11,2118
11,642
12,3268
12,2433
12,3515
12,2069
12,2880
12,2476
12,2415
12,2873
12,1740
12,1628
12,3481
12,2208
12,2831
12,1934
12,3133
12,815
12,3684
12,2768
13,1012
13,43
13,368
13,3365
13,2431
13,1279
13,95
13,2071
13,1082
13,3467
13,3503
13,1853
13,3156
13,3199
13,3570
13,1673
13,1785
13,1823
14,2784
14,890
14,1414
14,1368
14,1016
14,1847
14,2302
14,2023
14,654
14,3109
14,370
14,632
14,2967
14,464
14,3336
14,1969
14,2236
14,1553
15,2038
15,2600
15,1125
15,1658
15,938
15,2146
15,2716
15,1668
15,2295
15,2322
15,3720
15,2560
15,1632
15,15
15,375
15,2710
15,651
15,453
16,1385
16,1741
16,1310
16,984
16,3028
16,1540
16,3036
16,2367
16,74
16,732
16,2216
16,1997
16,736
16,3396
16,1496
16,1026
16,2394
16,1915
17,761
17,1473
17,2186
17,747
17,1377
17,112
17,2812
17,1348
17,2400
17,1173
17,1549
17,979
17,2697
17,3123
17,1002
17,3745
17,1487
17,2804
18,3415
18,999
18,2546
18,1054
18,3288
18,2222
18,539
18,3189
18,1989
18,3172
18,2147
18,3051
18,3438
18,3085
18,3125
18,3201
18,721
18,3249
19,2331
19,1012
19,2693
19,1071
19,3190
19,245
19,1439
19,1845
19,2556
19,2342
19,2769
19,1918
19,1093
19,607
19,3256
19,1867
19,142
19,1373
20,549
20,901
20,3069
20,2951
20,240
20,377
20,3840
20,2836
20,3634
20,624
20,2143
20,2032
20,3462
20,3824
20,370
20,3601
20,906
20,2539
21,472
21,2098
21,400
21,533
21,953
21,1718
21,1730
21,3147
21,2166
21,3493
21,3185
21,2995
21,3067
21,1282
21,1580
21,1881
21,2015
21,2742
22,3814
22,2651
22,371
22,1820
22,2298
22,185
22,1689
22,1217
22,3690
22,1117
22,2738
22,509
22,1824
22,62
22,2275
22,2662
22,2360
22,3430
23,2628
23,374
23,2357
23,803
23,113
23,2547
23,1725
23,2729
23,2851
23,2852
23,665
23,1511
23,2985
23,1536
23,1935
23,137
23,1752
23,1527
24,3840
24,2346
24,3431
24,2321
24,1422
24,1642
24,2627
24,2582
24,444
24,1637
24,121
24,2438
24,3687
24,3555
24,1863
24,3771
24,272
24,3543
25,1509
25,2333
25,2681
25,2329
25,846
25,2914
25,207
25,2479
25,61
25,3712
25,918
25,543
25,3307
25,1641
25,645
25,2806
25,2478
25,408
26,2827
26,182
26,1825
26,3566
26,1790
26,2902
26,574
26,2927
26,3011
26,2094
26,2350
26,186
26,532
26,3329
26,3716
26,2007
26,1161
26,382
27,2090
27,2079
27,667
27,3210
27,1268
27,2690
27,1633
27,848
27,3184
27,3691
27,2468
27,870
27,2543
27,1091
27,3018
27,3441
27,3298
27,2070
28,1509
28,1722
28,3717
28,1521
28,1922
28,2419
28,3484
28,2150
28,2916
28,846
28,1893
28,1572
28,1995
28,1110
28,2554
28,3353
28,593
28,2366
29,1827
29,2969
29,514
29,2577
29,1665
29,3761
29,1961
29,388
29,1964
29,1076
29,2736
29,1581
29,614
29,2892
29,3191
29,2481
29,3780
29,243
30,2038
30,2600
30,1125
30,2322
30,2101
30,938
30,1668
30,2716
30,2146
30,2739
30,556
30,1632
30,366
30,3390
30,1389
30,1452
30,3029
30,256
31,3540
31,3249
31,973
31,1238
31,2457
31,770
31,1799
31,2732
31,114
31,956
31,3683
31,822
31,2588
31,2104
31,1009
31,473
31,2044
31,1980
32,2378
32,1819
32,443
32,3162
32,2911
32,3264
32,757
32,3456
32,977
32,1576
32,2508
32,1397
32,476
32,3514
32,2958
32,154
32,2818
32,139
33,1938
33,2857
33,1323
33,2441
33,2989
33,2615
33,985
33,1952
33,608
33,2505
33,3781
33,2515
33,2626
33,3246
33,2719
33,1603
33,3812
33,1411
34,1400
34,647
34,2323
34,1083
34,833
34,3132
34,241
34,1201
34,2961
34,2942
34,412
34,515
34,2324
34,850
34,3314
34,3367
34,2102
34,386
35,903
35,2289
35,1587
35,2994
35,2810
35,2587
35,3000
35,3185
35,158
35,63
35,1729
35,3116
35,3784
35,1184
35,1726
35,3638
35,3665
35,830
36,2884
36,2238
36,2643
36,2953
36,2957
36,2437
36,143
36,2145
36,3179
36,1280
36,931
36,1223
36,1588
36,1374
36,2103
36,2303
36,935
36,1059
37,1917
37,845
37,1256
37,1663
37,332
37,622
37,452
37,2294
37,3369
37,664
37,3402
37,963
37,1640
37,462
37,2866
37,2262
37,2936
37,3214
38,2839
38,2297
38,1315
38,1440
38,1484
38,3617
38,553
38,585
38,380
38,1889
38,2063
38,60
38,947
38,2151
38,1222
38,2733
38,2045
38,883
39,2784
39,2333
39,3415
39,3473
39,171
39,1023
39,1525
39,3696
39,2240
39,706
39,986
39,1895
39,837
39,1149
39,3443
39,433
39,2217
39,534
40,238
40,3541
40,6
40,2268
40,2153
40,2120
40,2684
40,2496
40,1745
40,3285
40,1308
40,511
40,1697
40,701
40,3160
40,3557
40,2530
40,3706
41,43
41,514
41,3614
41,3830
41,1757
41,1092
41,2724
41,254
41,1330
41,3518
41,2523
41,2066
41,1542
41,2699
41,3339
41,1063
41,1464
41,2055
42,2293
42,1963
42,1569
42,2672
42,1494
42,2545
42,3762
42,3149
42,758
42,274
42,3795
42,1791
42,407
42,1723
42,496
42,3485
42,1371
42,623
43,108
43,3417
43,3628
43,370
43,2108
43,2531
43,3347
43,834
43,467
43,776
43,2720
43,1298
43,939
43,1435
43,2455
43,105
43,2535
43,233
44,3724
44,2460
44,1299
44,1337
44,2858
44,3782
44,1470
44,2304
44,1813
44,24
44,2781
44,1195
44,3372
44,131
44,2977
44,78
44,3166
44,1203
45,2653
45,2834
45,2201
45,2010
45,2218
45,2196
45,1033
45,509
45,3048
45,2395
45,1688
45,2089
45,1314
45,3277
45,1197
45,2213
45,2933
45,1178
46,2693
46,1602
46,1669
46,3140
46,3250
46,1921
46,3109
46,552
46,3738
46,200
46,1654
46,1653
46,1014
46,69
46,1283
46,3629
46,3274
46,987
47,993
47,637
47,1953
47,1710
47,576
47,1189
47,2334
47,2368
47,1762
47,2199
47,1398
47,1772
47,1179
47,928
47,3030
47,2149
47,602
47,279
48,2814
48,347
48,1185
48,682
48,3809
48,3206
48,2966
48,1604
48,1892
48,1704
48,3233
48,2819
48,3834
48,1344
48,2959
48,2875
48,501
48,485
49,569
49,1753
49,1846
49,3304
49,2140
49,2126
49,1088
49,3399
49,3489
49,2339
49,1272
49,2074
49,3266
49,1660
49,2963
49,1137
49,657
49,422
50,3327
50,3015
50,3068
50,868
50,2249
50,2308
50,470
50,1897
50,2747
50,1325
50,3603
50,970
50,44
50,71
50,111
50,2640
50,3587
50,2160
51,472
51,2277
51,160
51,2945
51,2604
51,3159
51,3721
51,2889
51,2748
51,1441
51,1814
51,2020
51,1035
51,2384
51,2678
51,996
51,409
51,609
52,2083
52,1905
52,1906
52,1567
52,2746
52,634
52,726
52,2266
52,2403
52,3111
52,3418
52,1328
52,1585
52,1066
52,1763
52,3397
52,739
52,86
53,1010
53,1639
53,3478
53,3253
53,1995
53,2352
53,980
53,1044
53,2067
53,2351
54,3327
54,1806
54,3124
54,1392
54,1897
54,2308
54,3343
54,1761
54,1971
54,2883
54,135
54,2336
54,812
54,3068
54,1526
54,1013
54,836
54,1350
55,1336
55,1180
55,2784
55,29
55,2591
55,1655
55,1451
55,1854
55,1182
55,3775
55,3167
55,703
55,3756
55,2212
55,1909
55,3748
55,1755
55,2824
56,171
56,1347
56,2801
56,1174
56,1800
56,1741
56,3106
56,2600
56,1084
56,1175
56,2648
56,2357
56,3088
56,1857
56,1864
56,2762
56,1902
56,1677
57,1570
57,1310
57,1540
57,2570
57,3751
57,1369
57,3247
57,421
57,1855
57,3129
57,681
57,1539
57,1186
57,1554
57,3270
57,621
58,1351
58,3750
58,1754
58,1242
58,1807
58,1187
58,27
58,1629
58,3839
58,3055
58,924
58,561
58,33
58,42
58,692
58,2111
58,660
58,1467
59,1886
59,3685
59,3450
59,1042
59,2152
59,2194
59,1648
59,1010
59,896
59,2271
59,2947
59,3650
59,2659
59,631
59,2263
59,3154
59,1708
60,2600
60,715
60,1620
60,751
60,2865
60,3657
60,925
60,2198
60,2799
60,3257
60,2791
60,2301
60,11
60,2029
60,881
60,1612
60,1005
60,3507
61,267
61,276
61,2915
61,2934
61,153
61,786
61,1774
61,2912
61,2974
61,3605
61,3361
61,3789
61,447
61,3197
61,2319
61,2497
61,307
61,807
62,251
62,2644
62,1545
62,3787
62,2952
62,567
62,3673
62,1295
62,134
62,3732
62,3763
62,2245
62,161
62,869
62,3493
62,3272
62,2788
62,1303
63,2712
63,2837
63,321
63,440
63,3628
63,2564
63,418
63,273
63,202
63,2767
63,438
63,327
63,3447
63,50
63,2638
63,3345
63,1438
63,2006
64,3348
64,2487
64,3045
64,3819
64,410
64,2386
64,1675
64,393
64,3562
64,20
64,2899
64,582
64,1837
64,320
64,3583
64,3208
64,1349
64,3244
65,2884
65,2957
65,2238
65,1588
65,2643
65,756
65,2953
65,180
65,3265
65,3054
65,3588
65,1079
65,2404
65,3728
65,2918
65,1975
65,2437
65,1223
66,1678
66,2282
66,3405
66,2224
66,3296
66,3158
66,1424
66,67
66,2305
66,3796
66,888
66,3733
66,3783
66,1300
66,3767
66,1726
66,812
66,2046
67,3415
67,3512
67,1941
67,539
67,1257
67,3646
67,1675
67,1378
67,1911
67,1981
67,3714
67,2778
67,463
67,3686
67,3615
67,2243
67,2843
67,720
68,3327
68,3015
68,838
68,3259
68,3158
68,2122
68,3150
68,31
68,3332
68,1988
68,1121
68,1
68,2249
68,2722
68,2308
68,2034
68,1104
68,434
69,1010
69,449
69,978
69,2672
69,389
69,2326
69,707
69,1076
69,1605
69,837
69,3151
69,2532
69,2913
69,2890
69,2797
69,3136
69,239
69,671
70,1012
70,810
70,258
70,3306
70,1180
70,1870
70,3127
70,419
70,1898
70,2929
70,2845
70,3120
70,1707
70,860
70,2205
70,1168
70,3801
70,3778
71,108
71,1016
71,901
71,3541
71,890
71,654
71,2331
71,370
71,314
71,1786
71,2555
71,424
71,540
71,127
71,416
71,3476
71,383
71,2559
72,446
72,1302
72,148
72,2403
72,1367
72,2811
72,1315
72,1372
72,1598
72,1943
72,1376
72,2461
72,1253
72,1947
72,3759
72,96
72,2965
72,2291
73,2693
73,2234
73,1699
73,3462
73,926
73,1055
73,2930
73,2
73,1213
73,230
73,2871
73,2868
73,2548
73,733
73,3330
73,2859
73,3710
73,1353
74,1224
74,2097
74,2016
74,1830
74,3107
74,1780
74,1622
74,183
74,1661
74,3186
74,3522
74,839
74,1914
74,3813
74,2444
74,3477
74,889
74,1232
75,1962
75,3645
75,2373
75,799
75,1696
75,626
75,3579
75,1998
75,116
75,3281
75,1810
75,1058
75,1112
75,2740
75,1574
75,1985
75,2686
75,3282
76,1292
76,2452
76,1056
76,3202
76,1113
76,2849
76,2283
76,3117
76,3739
76,1668
76,816
76,2416
76,863
76,2864
76,2755
76,2358
76,1946
76,1951
77,1509
77,3227
77,2513
77,828
77,1401
77,2194
77,51
77,748
77,3785
77,2257
77,2769
77,1327
77,1746
77,1094
77,271
77,1202
77,3368
77,1564
78,1265
78,1448
78,1821
78,172
78,591
78,2390
78,2012
78,2503
78,1703
78,2763
78,2701
78,454
78,3766
78,1993
78,3291
78,2175
78,2472
78,413
79,2712
79,440
79,321
79,2837
79,3628
79,794
79,2564
79,1285
79,418
79,202
79,1142
79,273
79,438
79,2767
79,3269
79,3458
79,93
79,50
80,1322
80,1273
80,1617
80,222
80,364
80,3498
80,2423
80,2285
80,3
80,3393
80,1868
80,2592
80,3157
80,330
80,2232
80,731
80,460
80,214
81,1360
81,1925
81,1607
81,832
81,1948
81,128
81,1559
81,2408
81,1393
81,3142
81,1359
81,1524
81,1437
81,2181
81,3596
81,2840
81,3006
81,3300
82,845
82,761
82,378
82,899
82,2559
82,931
82,2396
82,3168
82,47
82,117
82,821
82,529
82,2585
82,1550
82,2008
82,1693
82,2692
82,1859
83,1001
83,2333
83,641
83,121
83,151
83,2458
83,3374
83,2539
83,945
83,1118
83,734
83,2881
83,1410
83,3313
83,2655
83,3649
83,1074
83,75
84,977
84,1929
84,3017
84,1742
84,3803
84,1910
84,481
84,643
84,528
84,562
84,2026
84,2443
84,2084
84,3283
84,3794
84,2343
84,1089
84,3092
85,3814
85,3234
85,2653
85,2900
85,689
85,1689
85,2689
85,175
85,2651
85,2392
85,1480
85,3385
85,2888
85,1217
85,2275
85,3262
85,2042
85,683
86,761
86,3194
86,1737
86,427
86,2251
86,1743
86,2186
86,2268
86,1510
86,1225
86,52
86,777
86,3099
86,1342
86,3802
86,1670
86,491
86,1503
87,3589
87,41
87,2076
87,2514
87,2039
87,2246
87,1781
87,2981
87,2771
87,2794
87,1458
87,2611
87,1557
87,3523
87,1848
87,1959
87,98
87,2846
88,2976
88,992
88,324
88,344
88,754
88,2464
88,3669
88,1276
88,2494
88,856
88,284
88,3192
88,2345
88,854
88,2230
88,3832
88,2001
88,1320
89,3659
89,3831
89,1333
89,2127
89,3647
89,376
89,1694
89,3804
89,1237
89,959
89,808
89,3737
89,3817
89,2040
89,26
89,3032
89,1045
89,3041
90,181
90,337
90,990
90,583
90,361
90,2856
90,2848
90,3411
90,1176
90,385
90,1636
90,844
90,1887
90,1046
90,1281
90,1558
90,1210
90,1239
91,240
91,1214
91,2451
91,1890
91,106
91,1883
91,129
91,537
91,3745
91,1335
91,847
91,2417
91,3427
91,1679
91,2013
91,492
91,2614
91,341
92,1509
92,3227
92,2315
92,2544
92,2513
92,3416
92,1401
92,2194
92,3468
92,748
92,573
92,2832
92,2257
92,1537
92,3556
92,3718
92,28
92,246
93,2038
93,2600
93,1125
93,1658
93,938
93,2716
93,3821
93,1263
93,2295
93,1315
93,2146
93,2322
93,1668
93,2805
93,2710
93,2223
93,1452
93,1538
94,3779
94,3837
94,1375
94,1861
94,3268
94,3086
94,321
94,3173
94,2675
94,2691
94,1114
94,797
94,1234
94,1912
94,3297
94,3682
94,2816
94,2470
95,2424
95,1592
95,1403
95,1417
95,531
95,2482
95,2550
95,1924
95,2721
95,2491
95,2316
95,795
95,2264
95,584
95,1119
95,1624
95,859
95,1259
96,2302
96,1809
96,2333
96,2712
96,3486
96,1198
96,2155
96,3465
96,3273
96,2439
96,2619
96,3003
96,690
96,656
96,436
96,3245
96,1522
96,3331
97,84
97,1077
97,3401
97,2925
97,1340
97,1709
97,601
97,2388
97,3275
97,2137
97,686
97,1097
97,2461
97,1457
97,1267
97,2574
97,1064
97,2671
98,209
98,145
98,557
98,504
98,3524
98,2757
98,522
98,1903
98,3580
98,1073
98,965
98,1182
98,2759
98,1630
98,2064
98,975
98,2421
98,2060
99,2651
99,1871
99,2996
99,170
99,1217
99,1811
99,2738
99,2031
99,2298
99,2946
99,1480
99,3430
99,1689
99,3262
99,3385
99,2649
99,696
99,961
100,3769
100,2322
100,3289
100,435
100,356
100,3084
100,510
100,1710
100,1787
100,3078
100,197
100,478
100,387
100,1770
100,315
100,538
100,2919
100,1423
101,1987
101,81
101,439
101,2225
101,2540
101,1204
101,2796
101,1192
101,902
101,1218
101,1874
101,2937
101,2233
101,4
101,951
101,1080
101,2616
101,558
102,3823
102,362
102,2284
102,2679
102,3449
102,2891
102,1493
102,2401
102,1788
102,3434
102,166
102,2567
102,2466
102,1478
102,3044
102,724
102,2200
102,2113
103,3836
103,907
103,3102
103,2128
103,3590
103,801
103,618
103,56
103,2807
103,3715
103,2280
103,3670
103,2572
103,841
103,2473
103,1199
103,3025
103,2075
104,1865
104,3548
104,2516
104,599
104,3423
104,3483
104,2920
104,2634
104,3231
104,782
104,2803
104,3719
104,486
104,1244
104,3469
104,2178
104,1364
104,3667
105,2334
105,1479
105,3371
105,3276
105,2471
105,2442
105,2092
105,342
105,604
105,1986
105,2705
105,3178
105,2445
105,851
105,3829
105,2770
105,2418
105,2148
106,472
106,2526
106,3377
106,292
106,1949
106,513
106,1379
106,611
106,2589
106,802
106,3513
106,3303
106,3014
106,1764
106,2870
106,1086
106,2682
106,1801
107,439
107,3008
107,1977
107,2317
107,3626
107,595
107,255
107,2583
107,3719
107,2504
107,3651
107,2813
107,1007
107,482
107,1858
107,1278
107,2741
107,1388
108,916
108,2109
108,2795
108,2173
108,3567
108,1332
108,1292
108,1973
108,2586
108,2624
108,688
108,1108
108,2520
108,499
108,1143
108,2417
108,2573
108,3388
109,314
109,2769
109,2658
109,3451
109,2798
109,3398
109,2646
109,1873
109,1246
109,219
109,2209
109,2853
109,917
109,2353
109,2501
109,3060
109,1644
109,1970
110,2998
110,3130
110,3835
110,1459
110,3457
110,2313
110,3206
110,982
110,1702
110,3708
110,1584
110,178
110,904
110,1579
110,322
110,2527
110,3693
110,1294
111,916
111,761
111,2820
111,2170
111,2681
111,740
111,3585
111,950
111,3825
111,3100
111,803
111,2278
111,1429
111,6
111,3242
111,1844
111,2821
111,3549
112,57
112,3697
112,3797
112,2565
112,1316
112,1067
112,3046
112,2680
112,930
112,1220
112,2808
112,1425
112,1318
112,2003
112,2922
112,1240
112,1884
112,1984
113,2041
113,259
113,2194
113,405
113,3229
113,455
113,3573
113,2054
113,1352
113,2568
113,781
113,1891
113,473
113,122
113,3703
113,3321
113,2700
113,2685
114,2895
114,2279
114,3538
114,3559
114,3080
114,3725
114,2970
114,713
114,927
114,3112
114,1277
114,2801
114,842
114,3604
114,2882
114,2576
114,2057
114,3749
115,788
115,3230
115,1849
115,3658
115,2225
115,1027
115,1601
115,2538
115,1950
115,2371
115,3024
115,2167
115,1513
115,2656
115,2135
115,1714
115,1508
115,1621
116,2493
116,3171
116,3271
116,2221
116,1956
116,2107
116,1248
116,1116
116,612
116,640
116,487
116,208
116,3816
116,2789
116,1875
116,396
116,3625
116,3805
117,2600
117,862
117,1469
117,3657
117,751
117,651
117,3828
117,3355
117,1556
117,3176
117,2269
117,1472
117,3232
117,239
117,3255
117,2258
117,1685
117,559
118,1049
118,898
118,508
118,2448
118,411
118,648
118,2790
118,3594
118,2661
118,1497
118,1504
118,3305
118,1338
118,3746
118,1490
118,616
118,1144
118,1777
119,1442
119,1105
119,2525
119,3061
119,46
119,2471
119,2287
119,3047
119,66
119,10
119,2188
119,2276
119,22
119,1028
119,3195
119,2598
119,2281
119,102
120,3535
120,3589
120,3471
120,3576
120,2563
120,2612
120,2841
120,3320
120,3419
120,1695
120,2463
120,3089
120,3412
120,708
120,425
120,406
120,3799
120,500
121,1765
121,1012
121,3139
121,1165
121,866
121,3674
121,360
121,3110
121,490
121,3564
121,1135
121,3561
121,72
121,3582
121,2702
121,952
121,3250
121,1771
122,2549
122,2621
122,253
122,1047
122,3053
122,1465
122,263
122,2086
122,1399
122,560
122,3777
122,633
122,3144
122,174
122,2195
122,390
122,2171
122,2566
123,2693
123,1917
123,1570
123,2893
123,1922
123,1989
123,3083
123,2202
123,3381
123,3552
123,316
123,3528
123,3479
123,3424
123,1366
123,1193
123,3439
123,527
124,2434
124,548
124,317
124,2517
124,2123
124,3702
124,2664
124,1474
124,3791
124,3452
124,2114
124,2782
124,1380
124,247
124,944
124,3211
124,879
124,541
125,39
125,1957
125,1062
125,2489
125,915
125,691
125,3222
125,2528
125,1589
125,3607
125,1301
125,3692
125,2676
125,3033
125,774
125,3463
125,1724
125,1773
126,761
126,2628
126,1676
126,1842
126,3445
126,2723
126,88
126,163
126,1701
126,3736
126,3312
126,1877
126,727
126,5
126,3519
126,2923
126,3105
126,296
127,1443
127,518
127,2082
127,1515
127,2620
127,2578
127,1850
127,3546
127,2857
127,1183
127,819
127,1453
127,3475
127,3056
127,1167
127,2630
127,628
127,1647
128,3589
128,893
128,3666
128,45
128,2365
128,3346
128,3212
128,2670
128,932
128,764
128,1454
128,679
128,3723
128,2492
128,335
128,855
128,2036
128,1532
129,760
129,3428
129,3035
129,3062
129,94
129,397
129,3408
129,2413
129,735
129,2177
129,3326
129,1838
129,2309
129,2129
129,3640
129,495
129,79
129,1249
130,108
130,370
130,1368
130,2752
130,3009
130,3541
130,2302
130,1375
130,1157
130,1286
130,2570
130,2331
130,1186
130,1670
130,3087
130,1219
130,2992
130,2878
131,2784
131,3180
131,3571
131,549
131,2983
131,524
131,1404
131,2035
131,1528
131,1756
131,3744
131,2849
131,931
131,3316
131,1418
131,620
131,3672
131,1996
132,547
132,2777
132,1987
132,526
132,1155
132,3529
132,2773
132,1192
132,1992
132,2932
132,1412
132,3317
132,1307
132,363
132,2978
132,694
132,3226
132,149
133,3515
133,1588
133,40
133,3459
133,3164
133,1571
133,1418
133,2066
133,3020
133,1822
133,157
133,3174
133,3395
133,3075
133,3679
133,2096
133,3480
133,2973
134,3327
134,1991
134,629
134,2052
134,135
134,2558
134,17
134,3068
134,1526
134,1638
134,189
134,3038
134,1625
134,2376
134,658
134,2048
134,3294
134,1600
135,374
135,2599
135,3631
135,2542
135,579
135,1221
135,1923
135,966
135,1266
135,3826
135,437
136,2908
136,429
136,73
136,2282
136,1048
136,304
136,2743
136,2847
136,2860
136,1146
136,3707
136,1172
136,2610
136,3044
136,1163
136,2647
136,1817
136,784
137,3779
137,168
137,753
137,2979
137,278
137,1061
137,958
137,286
137,1040
137,2709
137,130
137,2761
137,1650
137,3251
137,653
137,3213
137,1075
137,791
138,391
138,723
138,2571
138,714
138,3648
138,3349
138,1818
138,2838
138,547
138,2945
138,2921
138,923
138,2228
138,2668
138,3726
138,3064
138,1876
138,1616
139,1514
139,2451
139,2293
139,2820
139,964
139,704
139,2613
139,1888
139,3572
139,575
139,1138
139,2261
139,3740
139,3407
139,2450
139,355
139,1687
139,2904
140,2784
140,59
140,321
140,1583
140,1433
140,3379
140,1572
140,351
140,803
140,1930
140,1381
140,234
140,1206
140,909
140,2454
140,752
140,668
140,1885
141,257
141,2462
141,1852
141,2253
141,313
141,466
141,829
141,2871
141,3082
141,3681
141,298
141,2753
141,430
141,357
141,2737
141,1450
141,192
141,3530
142,761
142,1101
142,2186
142,3194
142,2513
142,1507
142,1921
142,2509
142,150
142,2400
142,3752
142,1018
142,3593
142,1025
142,3182
142,2206
142,76
142,884
143,564
143,1226
143,1908
143,3608
143,2982
143,1626
143,1978
143,1597
143,880
143,2591
143,2219
143,2687
143,2047
143,580
143,2854
143,1606
143,1109
143,2519
144,2653
144,1563
144,1577
144,38
144,644
144,3093
144,3048
144,1304
144,2986
144,3076
144,1664
144,488
144,450
144,3145
144,1008
144,175
144,2392
144,3209
145,1049
145,823
145,2793
145,2542
145,3536
145,3504
145,1547
145,2300
145,1501
145,2971
145,1446
145,3742
145,785
145,1164
145,2169
145,341
145,796
145,1779
146,806
146,3027
146,2533
146,3709
146,199
146,2226
146,336
146,2475
146,1148
146,2603
146,1098
146,2374
146,1899
146,865
146,1051
146,2091
146,2027
146,3063
147,760
147,546
147,2331
147,332
147,1212
147,3652
147,3391
147,2446
147,36
147,398
147,2665
147,1904
147,1744
147,2058
147,2141
147,1099
147,1208
147,1690
148,2447
148,2321
148,1422
148,187
148,295
148,2605
148,3096
148,1140
148,1627
148,825
148,831
148,474
148,1000
148,1123
148,2861
148,592
148,2241
148,1394
149,1917
149,168
149,2451
149,405
149,3447
149,2914
149,1692
149,2711
149,2972
149,1430
149,3623
149,1233
149,3021
149,1651
149,3472
149,475
149,1561
149,3290
150,133
150,1390
150,1524
150,2435
150,1463
150,3694
150,1645
150,2022
150,1456
150,1568
150,949
150,1288
150,818
150,451
150,1241
150,586
150,477
150,2991
151,3656
151,3565
151,2744
151,557
151,1250
151,2009
151,3778
151,1196
151,1734
151,3820
151,179
151,3098
151,3620
151,505
151,3037
151,3153
151,3808
151,302
152,993
152,2142
152,1728
152,2465
152,864
152,2575
152,3788
152,3653
152,1802
152,3464
152,2872
152,395
152,2499
152,1270
152,290
152,1387
152,3578
152,941
153,3814
153,2275
153,2653
153,3097
153,1766
153,185
153,1840
153,2651
153,2385
153,3500
153,2298
153,2369
153,3430
153,937
153,68
153,2987
153,175
153,2196
154,3138
154,3410
154,3768
154,2059
154,783
154,1096
154,215
154,3260
154,2427
154,3387
154,1444
154,1419
154,328
154,2780
154,675
154,2156
154,649
154,3278
155,1674
155,997
155,3608
155,1905
155,1907
155,2551
155,3057
155,184
155,1789
155,1426
155,3833
155,710
155,2518
155,1216
155,3432
155,2375
155,2011
155,2185
156,1842
156,1657
156,14
156,762
156,3161
156,2930
156,3623
156,1627
156,1662
156,2207
156,3429
156,2087
156,3026
156,1432
156,3229
156,1396
156,911
156,1608
157,3417
157,1974
157,994
157,3165
157,372
157,1869
157,2462
157,123
157,3517
157,1747
157,2361
157,147
157,3013
157,1262
157,3072
157,2534
157,2028
157,3729
158,3814
158,861
158,2500
158,2651
158,1217
158,2662
158,961
158,185
159,3058
159,920
159,3456
159,3356
159,977
159,2425
159,2508
159,223
159,3764
159,2449
159,3598
159,108
159,3323
159,358
159,59
159,3131
159,156
159,1004
160,374
160,3478
160,2652
160,3568
160,456
160,1680
160,3636
160,3654
160,3302
160,3532
160,955
160,588
160,2453
160,769
160,305
160,1767
160,3286
160,2405
161,3415
161,843
161,778
161,2677
161,1170
161,3675
161,1609
161,1460
161,1736
161,793
161,100
161,3019
161,1434
161,1476
161,1843
161,3187
161,3492
161,962
162,2130
162,2277
162,885
162,3296
162,737
162,3287
162,517
162,3101
162,725
162,974
162,288
162,2622
162,3039
162,268
162,3196
162,1388
162,3491
162,3350
163,1812
163,1832
163,533
163,2340
163,971
163,1462
163,1666
163,2917
163,2779
163,2968
163,3560
163,1705
163,849
163,211
163,1124
163,1043
163,1901
163,469
164,984
164,6
164,3435
164,126
164,3547
164,3478
164,261
164,1833
164,1141
164,308
164,771
164,3532
164,3152
164,3203
164,684
164,669
164,9
164,913
165,1230
165,955
165,2688
165,1765
165,3090
165,32
165,3023
165,2707
165,1165
165,3238
165,3774
165,457
165,1406
165,318
165,3533
165,1449
165,2131
165,1296
166,2387
166,1965
166,299
166,3389
166,3676
166,1305
166,670
166,2909
166,871
166,1087
166,2469
166,1954
166,479
166,2248
166,92
166,2756
166,2247
166,3261
167,3425
167,3440
167,3406
167,1383
167,2311
167,700
167,2158
167,2830
167,506
167,2179
167,3362
167,729
167,1804
167,2295
167,3703
167,2774
167,2194
167,3239
168,761
168,3224
168,2186
168,2400
168,140
168,3308
168,354
168,2886
168,2018
168,2896
168,352
168,1002
168,3074
168,87
168,2663
168,502
168,1919
168,1667
169,1128
169,187
169,2916
169,1370
169,1916
169,2822
169,2783
169,309
169,2541
169,1020
169,1735
169,2354
169,3642
169,124
169,1555
169,493
169,2174
169,3204
170,2428
170,3110
170,1758
170,306
170,594
170,295
170,3225
170,2285
170,3135
170,676
170,2381
170,1386
170,2483
170,744
170,857
170,2802
170,228
170,1500
171,251
171,2322
171,435
171,2429
171,1907
171,1826
171,3637
171,1872
171,1072
171,934
171,875
171,873
171,448
171,196
171,2362
171,919
171,2172
171,894
172,143
172,1963
172,1326
172,2056
172,3137
172,897
172,3016
172,2315
172,741
172,3279
172,2511
172,3584
172,954
172,191
172,3386
172,1944
172,697
172,2019
173,891
173,1128
173,3524
173,2099
173,1030
173,3760
173,3765
173,1900
173,3175
173,1382
173,1130
173,3392
173,3198
173,1945
173,1768
173,2477
173,1181
173,1502
174,273
174,2346
174,418
174,3741
174,2035
174,1336
174,762
174,925
174,542
174,568
174,3375
174,2021
174,2754
174,2498
174,1562
174,402
174,3357
174,1133
175,2784
175,1509
175,444
175,171
175,53
175,2631
175,3299
175,2310
175,942
175,1546
175,120
175,600
175,2935
175,1999
175,264
175,1329
175,639
175,1358
176,1016
176,2325
176,2093
176,3539
176,2379
176,809
176,1034
176,1994
176,16
176,646
176,2037
176,1402
176,1517
176,3772
176,7
176,2522
176,3815
176,1573
177,760
177,2192
177,1227
177,1976
177,988
177,3284
177,3065
177,2310
177,1930
177,672
177,2901
177,1566
177,2950
177,3241
177,1188
177,1228
177,3545
177,2928
178,3309
178,3613
178,2667
178,3333
178,2050
178,2363
178,297
178,1835
178,2341
178,1236
178,2121
178,2033
178,711
178,3119
178,265
178,1057
178,2116
178,2344
179,905
179,760
179,2331
179,3662
179,1894
179,2144
179,49
179,2638
179,1003
179,1413
179,2290
179,1486
179,2792
179,1194
179,2296
179,1533
179,2220
179,1409
180,2490
180,3550
180,3599
180,1036
180,3094
180,898
180,652
180,2407
180,2949
180,824
180,3478
180,3467
180,759
180,3358
180,1405
180,2024
180,295
180,3104
181,3470
181,3734
181,976
181,746
181,3421
181,1727
181,3334
181,3141
181,2584
181,3488
181,3632
181,3243
181,659
181,1748
181,2717
181,1760
181,2244
181,1652
182,3695
182,3059
182,1870
182,1012
182,225
182,1937
182,2347
182,2397
182,635
182,2750
182,2197
182,1131
182,1363
182,1618
182,3204
182,2396
182,792
182,1879
183,2600
183,1157
183,3177
183,3813
183,1132
183,2744
183,2004
183,2552
183,1675
183,1955
183,1843
183,2636
183,193
183,1136
183,662
183,922
183,2125
183,820
184,1523
184,2625
184,1565
184,3181
184,2867
184,188
184,3487
184,2593
184,2594
184,2138
184,3609
184,813
184,1150
184,442
184,1466
184,2095
184,1548
184,2133
185,773
185,435
185,291
185,2332
185,1343
185,1319
185,1324
185,1931
185,1578
185,3597
185,2557
185,2389
185,3637
185,1798
185,2855
185,1631
185,3070
185,1749
186,3422
186,2115
186,3697
186,2507
186,3413
186,1052
186,603
186,3677
186,972
186,345
186,3637
186,1017
186,2003
186,1340
186,3646
186,615
186,1926
186,3366
187,3094
187,1292
187,125
187,1938
187,762
187,1908
187,209
187,1190
187,353
187,43
187,2502
187,143
187,1637
187,3668
187,1375
187,1681
187,568
187,293
188,641
188,519
188,798
188,1229
188,2960
188,960
188,716
188,3694
188,3378
188,2139
188,1795
188,2017
188,2825
188,1345
188,294
188,195
188,1672
188,3730
189,2021
189,2080
189,1575
189,348
189,3678
189,775
189,107
189,333
189,2085
189,2182
189,1932
189,984
189,85
189,745
189,790
189,2211
189,3216
189,2383
190,3327
190,221
190,3077
190,3068
190,1081
190,3563
190,2337
190,2877
190,2760
190,2940
190,136
190,1069
190,458
190,135
190,8
190,1769
190,2766
190,2645
191,1400
191,730
191,3267
191,1529
191,1134
191,610
191,1776
191,755
191,1100
191,331
191,3095
191,2943
191,237
191,89
191,3049
191,2000
191,1712
191,1356
192,257
192,3109
192,340
192,3630
192,287
192,1169
192,414
192,249
192,2327
192,1646
192,162
192,1866
192,1860
192,1068
192,359
192,334
192,1031
192,895
193,1001
193,3525
193,1523
193,3263
193,101
193,1258
193,423
193,1271
193,1862
193,3426
193,1211
193,2536
193,2735
193,3404
193,1481
193,1721
193,2420
193,3704
194,1016
194,2061
194,3661
194,180
194,2239
194,2617
194,1534
194,494
194,1431
194,571
194,3663
194,661
194,1518
194,280
194,2426
194,3482
194,3342
194,3351
195,1958
195,2906
195,750
195,1966
195,780
195,1808
195,1713
195,2409
195,1878
195,619
195,2512
195,3586
195,394
195,3786
195,3806
195,3169
195,565
195,1293
196,761
196,444
196,3318
196,1623
196,1933
196,300
196,25
196,2051
196,283
196,3220
196,577
196,1147
196,2025
196,709
196,914
196,2725
196,3218
196,1251
197,161
197,1610
197,3146
197,2730
197,104
197,2159
197,673
197,2078
197,1700
197,173
197,3403
197,2456
197,1297
197,3040
197,3643
197,695
197,3542
197,2897
198,1347
198,64
198,2414
198,742
198,1041
198,2272
198,379
198,2235
198,1037
198,685
198,1505
198,1247
198,2168
198,1384
198,2072
198,362
198,2810
198,674
199,156
199,480
199,2406
199,3524
199,3057
199,1461
199,3229
199,2194
199,2295
199,367
199,2931
199,1521
199,1512
199,2745
199,1094
199,2685
199,872
199,596
200,161
200,1706
200,2078
200,3494
200,3436
200,3735
200,1750
200,1122
200,212
200,3798
200,392
200,1590
200,269
200,1361
201,1865
201,3548
201,1936
201,2633
201,441
201,338
201,1317
201,3252
201,2635
201,2606
201,2629
201,252
201,3126
201,1595
201,2910
201,3022
201,399
201,3800
202,1455
202,1849
202,3442
202,2162
202,3496
202,981
202,2764
202,1260
202,957
202,3325
202,1115
202,3521
202,2698
202,2894
202,1967
202,2286
202,1362
202,2835
203,3662
203,1488
203,37
203,1593
203,2829
203,3180
203,1715
203,749
203,1594
203,3527
203,3360
203,3622
203,403
204,1156
204,2255
204,2062
204,1684
204,3384
204,1483
204,1831
204,3437
204,1032
204,2726
204,948
204,2569
204,1433
204,3143
204,1942
204,1145
204,3103
204,3770
205,772
205,1111
205,1162
205,3363
205,2364
205,3200
205,936
205,2292
205,1416
205,3001
205,1596
205,3155
205,1477
205,2800
205,19
205,1284
205,878
205,1482
206,2793
206,1053
206,911
206,1396
206,468
206,3757
206,1289
206,3254
206,2391
206,2776
206,805
206,840
206,512
206,1158
206,1720
206,3621
206,1972
206,1498
207,472
207,2823
207,1710
207,465
207,1102
207,533
207,555
207,1718
207,3493
207,1311
207,3731
207,3635
207,2330
207,3626
207,1264
207,2694
207,1159
207,2184
208,3161
208,2215
208,2005
208,2352
208,1599
208,1635
208,3769
208,3551
208,3344
208,138
208,1854
208,2194
208,3556
208,445
208,1275
208,3295
208,2833
208,415
209,2333
209,108
209,1404
209,1927
209,1692
209,2132
209,2484
209,2073
209,1784
209,420
209,119
209,3641
209,814
209,285
209,3664
209,1200
209,1103
209,34
210,900
210,2432
210,99
210,2964
210,2161
210,2043
210,2900
210,2275
210,1480
210,3460
210,2306
210,2785
210,3722
210,1445
210,3454
210,1739
210,1682
210,1070
211,535
211,480
211,3433
211,3524
211,1551
211,1053
211,1391
211,281
211,3319
211,2099
211,2774
211,2524
211,459
211,1982
211,343
211,3205
211,712
211,3118
212,1142
212,3502
212,1940
212,3810
212,1716
212,3444
212,2727
212,544
212,2402
212,1090
212,3341
212,891
212,933
212,1060
212,536
212,3050
212,3610
212,2673
213,1433
213,1684
213,1793
213,1717
213,2255
213,3753
213,373
213,1153
213,3770
213,1656
213,2956
213,3143
213,1339
213,597
213,3495
213,523
213,766
213,1732
214,1252
214,1029
214,1743
214,1782
214,2683
214,3453
214,1495
214,1775
214,1080
214,401
214,2553
214,1407
214,3497
214,2874
214,270
214,2030
214,1261
214,2879
215,3417
215,3577
215,663
215,1345
215,311
215,2984
215,2728
215,2398
215,2999
215,2274
215,103
215,1254
215,3838
215,3534
215,2639
215,3042
215,2488
215,312
216,321
216,3416
216,3581
216,2404
216,2601
216,1552
216,3034
216,3338
216,1659
216,2355
216,2607
216,231
216,1006
216,832
216,3079
216,2260
216,3354
216,581
217,2564
217,141
217,845
217,3660
217,3376
217,3215
217,2485
217,1107
217,2826
217,1614
217,2325
217,765
217,2905
217,800
217,2699
217,82
217,1126
217,3315
218,1827
218,2969
218,449
218,1928
218,389
218,3324
218,2356
218,1665
218,2608
218,2632
218,2318
218,2842
218,2326
218,590
218,3537
218,1856
218,2590
218,2053
219,289
219,2023
219,762
219,1524
219,201
219,90
219,3373
219,2256
219,3544
219,1321
219,910
219,1274
219,2597
219,1834
219,3121
219,2669
219,1231
219,3113
220,3223
220,1313
220,3071
220,1543
220,471
220,18
220,3699
220,1489
220,3010
220,886
220,892
220,625
220,3776
220,2581
220,3754
220,2637
220,1346
220,817
221,244
221,1698
221,779
221,3501
221,2299
221,2641
221,1408
221,3811
221,21
221,1828
221,3511
221,1711
221,627
221,1166
221,995
221,144
221,3595
221,698
222,1523
222,2625
222,2258
222,908
222,48
222,2703
222,1395
222,3007
222,2844
222,3115
223,1751
223,1738
223,326
223,2562
223,2924
223,1324
223,109
223,3553
223,1038
223,998
223,3483
223,2926
223,2002
223,3122
223,3293
223,3108
223,2495
223,483
224,1274
224,3429
224,2069
224,2320
224,2954
224,2422
224,1139
224,1839
224,858
224,2521
224,835
224,2252
224,545
224,3701
224,3680
224,325
224,2767
224,2204
225,240
225,1433
225,3340
225,2414
225,3235
225,1471
225,693
225,1312
225,702
225,852
225,220
225,787
225,940
225,1686
225,2349
225,2077
225,1354
225,3248
226,3127
226,2837
226,484
226,518
226,2787
226,2410
226,3531
226,226
226,3526
226,3822
226,2180
226,3455
226,589
226,203
226,1039
226,1719
226,498
226,1783
227,843
227,251
227,2307
227,2801
227,2642
227,2544
227,2370
227,266
227,2991
227,598
227,530
227,2267
227,218
227,2203
227,929
227,853
227,1519
227,146
228,152
228,35
228,1209
228,811
228,30
228,1243
228,1475
228,3758
228,606
228,3081
228,3689
228,3280
228,381
228,2110
228,3002
228,3790
228,1151
228,804
229,874
229,3828
229,1436
229,2328
229,2242
229,2588
229,2436
229,559
229,2708
229,3292
229,956
229,1560
229,718
229,417
229,3442
229,3188
229,1896
229,3066
230,304
230,2430
230,1613
230,2939
230,1829
230,2623
230,1530
230,1022
230,2338
230,1591
230,229
230,3311
230,206
230,3591
230,310
230,2210
230,3506
230,2312
231,3240
231,2591
231,2377
231,1731
231,876
231,3556
231,3400
231,613
231,132
231,1401
231,1797
231,2215
231,2714
231,2695
231,578
231,165
231,3718
231,3295
232,1420
232,2402
232,2105
232,3569
232,3499
232,3574
232,3328
232,2758
232,1983
232,2903
232,2117
232,2775
232,1759
232,65
232,2088
232,2214
232,205
232,1306
233,1106
233,1291
233,2713
233,3818
233,2100
233,677
233,2165
233,216
233,3193
233,3671
233,2650
233,1245
233,2190
233,319
233,1309
233,2229
233,248
233,169
234,1939
234,3655
234,3170
234,1215
234,2163
234,1004
234,717
234,827
234,2828
234,3490
234,1019
234,3207
234,887
234,3091
234,301
234,3602
234,2157
234,921
235,946
235,217
235,3516
235,1671
235,1803
235,743
235,1792
235,1235
235,738
235,2609
235,2579
235,210
235,763
235,3466
235,2993
235,70
235,2134
235,1152
236,989
236,405
236,2786
236,1499
236,2948
236,705
236,236
236,2955
236,2189
236,516
236,882
236,1154
236,1341
236,3394
236,2106
236,2862
236,2305
236,2561
237,1191
237,2065
237,2273
237,3221
237,329
237,3705
237,550
237,1990
237,483
237,2715
237,461
237,1024
237,525
237,2411
237,434
237,13
237,3592
237,2870
238,2136
238,1541
238,227
238,630
238,2595
238,1531
238,204
238,2440
238,3236
238,159
238,2250
239,2083
239,2938
239,877
239,1022
239,3380
239,1841
239,2618
239,1772
239,194
239,2112
239,2231
239,1127
239,146
239,3370
239,80
239,2330
239,177
239,3383
240,353
240,323
240,1920
240,3247
240,3509
240,2876
240,2183
240,1421
240,115
240,2193
240,1021
240,2898
240,2506
240,3575
240,1619
240,3043
240,3031
240,3237
241,1269
241,2097
241,2734
241,3474
241,722
241,826
241,404
241,164
241,77
241,2154
241,570
241,2474
241,3612
241,1491
241,2124
241,97
241,3644
241,1794
242,2990
242,912
242,2571
242,1649
242,3005
242,2510
242,983
242,1011
242,2765
242,428
242,3449
242,262
242,2749
242,1120
242,2988
242,2259
242,2718
242,2014
243,1255
243,2850
243,2412
243,207
243,2706
243,521
243,106
243,2887
243,1132
243,1094
243,2685
243,1506
243,578
243,2941
243,872
243,1691
243,2666
243,277
244,788
244,1836
244,55
244,3698
244,2817
244,617
244,3382
244,431
244,2348
244,3414
244,350
244,3128
244,655
244,1611
244,1084
244,54
244,1065
244,1995
245,994
245,1520
245,3807
245,563
245,3069
245,666
245,2930
245,719
245,2068
245,365
245,2335
245,23
245,1468
245,551
245,1355
245,1447
245,2980
245,1913
246,1812
246,1427
246,969
246,2486
246,2660
246,3258
246,1085
246,638
246,1357
246,967
246,12
246,2863
246,1733
246,3624
246,1078
246,3147
246,3448
246,2265
247,650
247,1001
247,2119
247,3352
247,2733
247,867
247,232
247,1960
247,1094
247,1437
247,507
247,553
247,2666
247,2840
247,3183
247,155
247,1015
247,3611
248,250
248,83
248,3484
248,426
248,2537
248,118
248,3727
248,2885
248,3012
248,1796
248,3446
248,636
248,3217
248,3743
248,3364
248,3134
248,2288
248,1903
249,1995
249,3505
249,1290
249,680
249,3793
249,3114
249,2399
249,198
249,728
249,2393
249,1615
249,2187
249,303
249,3520
249,1516
249,224
249,2081
249,1683
250,3219
250,3627
250,3510
250,1815
250,678
250,2164
250,2314
250,3600
250,605
250,2459
250,432
250,1129
250,2382
250,282
250,1331
250,767
250,339
250,1492
